{"cameraMode":{"drawMode":0,"name":"Shaded","section":"Shading Mode"},"sceneLighting":true,"audioPlay":false,"sceneViewState":{"m_AlwaysRefresh":false,"showFog":true,"showSkybox":true,"showFlares":true,"showImageEffects":true,"showParticleSystems":true,"showVisualEffectGraphs":true,"m_FxEnabled":true},"in2DMode":false,"pivot":{"x":2.3789713382720949,"y":6.362895488739014,"z":-0.16389703750610352},"rotation":{"x":-0.3709651827812195,"y":0.20551367104053498,"z":-0.08455386012792587,"w":-0.9016740322113037},"size":4.398746013641357,"orthographic":false}